{
    "value0": {
        "//note": "Note that these two cameras are cam0 and cam3 of the Hilti datasets",
        "T_imu_cam": [
            {
                "px": 0.04606214821979936,
                "py": 0.041000033412748517,
                "pz": -0.008414268658860684,
                "qx": 0.4981076503352542,
                "qy": 0.502739360859681,
                "qz": 0.49744376743135818,
                "qw": 0.5016887500867333
            },
            {
                "px": -0.008403819258212596,
                "py": 0.05826841751733578,
                "pz": -0.007960758950404384,
                "qx": 0.006119530804012987,
                "qy": 0.7059667862208214,
                "qz": 0.708210978652589,
                "qw": -0.0032646304118666275
            }
        ],
        "intrinsics": [
            {
                "camera_type": "ds",
                "intrinsics": {
                    "fx": 279.7670030666303,
                    "fy": 279.844254044209,
                    "cx": 367.61720008049516,
                    "cy": 253.88502620207485,
                    "xi": -0.20335316416711786,
                    "alpha": 0.6357812558268258
                }
            },
            {
                "camera_type": "ds",
                "intrinsics": {
                    "fx": 284.1814786421073,
                    "fy": 284.45771431638516,
                    "cx": 363.99201325589265,
                    "cy": 266.3476431028314,
                    "xi": -0.19158432836827855,
                    "alpha": 0.6393520414145665
                }
            }
        ],
        "resolution": [
            [
                720,
                540
            ],
            [
                720,
                540
            ]
        ],
        "calib_accel_bias": [
            0.08819263216128547,
            0.04982633914665302,
            0.08540973963103153,
            0.0,
            0.0,
            0.0,
            0.0,
            0.0,
            0.0
        ],
        "calib_gyro_bias": [
            0.0011305052615728157,
            -0.00013502427766124222,
            0.00017398165777134702,
            0.0,
            0.0,
            0.0,
            0.0,
            0.0,
            0.0,
            0.0,
            0.0,
            0.0
        ],
        "imu_update_rate": 398.89442421384856,
        "accel_noise_std": [
            0.016,
            0.016,
            0.016
        ],
        "gyro_noise_std": [
            0.000282,
            0.000282,
            0.000282
        ],
        "accel_bias_std": [
            0.001,
            0.001,
            0.001
        ],
        "gyro_bias_std": [
            0.0001,
            0.0001,
            0.0001
        ],
        "cam_time_offset_ns": 0,
        "vignette": []
    }
}
