{
    "value0": {
        "T_imu_cam": [
            {
                "px": -0.08394275605678558,
                "py": -0.0025952591095119715,
                "pz": 0.0026445253752171993,
                "qx": -0.17704728245735168,
                "qy": -0.19861078262329102,
                "qz": 0.035641565918922424,
                "qw": 0.9632952809333801
            },
            {
                "px": 0.021131351590156555,
                "py": -0.002306802896782756,
                "pz": 0.0023415968753397465,
                "qx": -0.18363775312900543,
                "qy": 0.19827023148536682,
                "qz": -0.03922446444630623,
                "qw": 0.961991548538208
            }
        ],
        "intrinsics": [
            {
                "camera_type": "pinhole-radtan8",
                "intrinsics": {
                    "fx": 269.0600776672363,
                    "fy": 269.1679859161377,
                    "cx": 324.3333053588867,
                    "cy": 245.22674560546875,
                    "k1": 0.6257319450378418,
                    "k2": 0.46612036228179932,
                    "p1": -0.00018502399325370789,
                    "p2": -4.2882973502855748e-5,
                    "k3": 0.0041795829311013222,
                    "k4": 0.89431935548782349,
                    "k5": 0.54253977537155151,
                    "k6": 0.06621214747428894,
                    "rpmax": 2.7941114902496338
                }
            },
            {
                "camera_type": "pinhole-radtan8",
                "intrinsics": {
                    "fx": 270.1171684265137,
                    "fy": 270.2496528625488,
                    "cx": 323.54679107666016,
                    "cy": 250.34966468811035,
                    "k1": 0.55718272924423218,
                    "k2": 0.22437196969985962,
                    "p1": 0.00011782468209275976,
                    "p2": 0.0001220563062815927,
                    "k3": 0.0068156048655509949,
                    "k4": 0.83317267894744873,
                    "k5": 0.26174271106719971,
                    "k6": 0.043505862355232239,
                    "rpmax": 2.7899987697601318
                }
            }
        ],
        "resolution": [
            [
                640,
                480
            ],
            [
                640,
                480
            ]
        ],
        "// about calib_accel/gyro_bias": "Bias values (first three elements) are negated, in basalt they get substracted, but in azure-kinect they are added",
        "// -                          ": "Also the mixing matrix has I3x3 substracted, i.e. diagonal are one unit smaller",
        "// about calib_accel_bias": "See https://gitlab.com/VladyslavUsenko/basalt-headers/-/issues/8 to understand why accel only uses 6 elements of the mixing matrix",
        "calib_accel_bias": [
            0.18563582003116608,
            -0.057621683925390244,
            0.13435612618923187,
            -0.001865983009338379,
            0.00030630044057033956,
            -0.0001675997773418203,
            0.0009244680404663,
            0.000295753387035802,
            -0.0022075772285461426
        ],
        "calib_gyro_bias": [
            -0.016492774710059166,
            0.01642640121281147,
            0.0045625129714608192,
            0.0000957250595093,
            -0.00082384591223672032,
            -0.0015064212493598461,
            -0.00082343036774545908,
            -0.00041097402572631836,
            -4.7357993935293052e-6,
            -0.0015050634974613786,
            -4.7339185584860388e-6,
            -0.0008063316345214844
        ],
        "imu_update_rate": 250.0,
        "accel_noise_std": [
            0.010700000450015068,
            0.010700000450015068,
            0.010700000450015068
        ],
        "gyro_noise_std": [
            0.00095000001601874828,
            0.00095000001601874828,
            0.00095000001601874828
        ],
        "accel_bias_std": [
            0.0999999988824129,
            0.0999999988824129,
            0.0999999988824129
        ],
        "gyro_bias_std": [
            0.009999999873689375,
            0.009999999873689375,
            0.009999999873689375
        ],
        "cam_time_offset_ns": 0,
        "view_offset": 247,
        "vignette": []
    }
}
